country,1961,1962,1963,1964,1965,1966,1967,1968,1969,1970,1971,1972,1973,1974,1975,1976,1977,1978,1979,1980,1981,1982,1983,1984,1985,1986,1987,1988,1989,1990,1991,1992,1993,1994,1995,1996,1997,1998,1999,2000,2001,2002,2003,2004,2005,2006,2007,2008,2009,2010,2011,2012,2013,2014,2015,2016,2017,2018
Afghanistan,14.4,12.8,13.2,15.5,16.3,16.7,17.4,17.8,14.5,18.8,15.9,14.8,14.4,14.8,14.9,15.7,16.5,17.3,19.4,20.2,16.7,20.2,25.1,23.8,19.7,20.3,20.6,20.7,14.3,10,9.62,10.7,9.12,8.22,8.44,7.23,7.86,8.33,8.9,8.74,8.41,9.45,12.2,15.5,18.6,19.7,20.8,23.4,23.3,24.2,24.8,25.4,24.5,34.7,32.6,29.9,32.6,34.9
Angola,25.2,30.6,33.6,29.5,29.5,28.8,29.4,34.5,29.9,35.9,37.9,36,35.7,34.6,29.9,41.7,42.5,42.6,42.3,41.7,33.7,32,29.2,28.3,29.3,29.2,28.5,28,31.7,32.5,31.5,28.5,25.3,20.8,23.5,26.1,31.7,29.2,34.9,26.5,29.4,36.3,41.5,39.3,37.1,38.2,39.6,44.1,40.2,38.9,40.1,42.7,44.7,60.2,59.9,58.4,62.2,55.8
Albania,31,31.8,34.3,36.5,37,37.7,38.3,38.6,40.9,40.6,41.2,42.8,43,44.5,44.6,44.8,41.5,44,46.1,46.9,46.4,46.4,45.3,45.1,44.8,48.2,47.6,48.3,49,49.9,50.2,51.2,76.1,97.5,54.4,63,61.7,57,56.5,63.4,66.6,70.7,67,55,58.6,67.2,75.5,102,117,113,122,129,131,83.2,94.2,98.8,98.7,101
Netherlands Antilles,91.9,93.4,89.5,96.3,96,90,90.2,95.6,93.2,97.4,95.2,100,101,96.5,99.5,91.6,88.4,91.1,94.8,88.4,82.4,94.4,92.6,103,75,89.5,76.6,78.7,103,74.5,81.1,63.5,77.2,85,87.5,123,122,127,135,132,129,157,155,177,163,149,150,160,165,173,,,,,,,,
UAE,97.2,98.4,97.6,93.3,93.8,83.3,96,108,113,116,118,126,127,130,116,105,117,109,114,101,104,103,108,107,103,106,112,105,97.2,97.5,97.7,90.3,101,96.7,104,104,98.6,96.9,92.6,101,102,103,105,105,110,103,88.9,89.7,94.1,107,95.3,98.8,101,123,124,117,105,114
Argentina,107,101,76.1,112,102,109,111,109,109,118,118,121,98.8,120,112,106,99.3,111,109,110,103,102,110,114,115,117,109,101,101,115,114,116,117,125,129,124,122,120,131,131,130,128,128,131,136,133,134,133,132,131,132,131,132,128,127,127,129,128
Armenia,,,,,,,,,,,,,,,,,,,,,,,,,,,,,,,,61.5,62.9,60.3,61.6,61.6,60.4,69.7,68.1,67,70.9,77.1,87.6,85.2,94.1,92.8,94,98.9,103,112,101,101,97.4,140,144,140,143,143
Antigua and Barbuda,1140,1160,1410,1080,764,492,350,188,311,324,590,92.7,90.3,87.4,81.9,90.1,87.2,81.5,85,95.6,110,96.7,80.8,74.5,78.1,79.2,69.7,84.3,86.9,90.4,91.2,91.7,82.2,86.7,89.3,88.1,85.9,89.5,87.5,86.6,86.7,86.4,83.5,93.1,79.7,85,87.3,89.2,87.6,87.6,79.6,87.9,90.1,136,133,139,141,142
Australia,154,149,150,154,154,151,147,148,150,152,152,155,154,153,148,157,154,153,147,152,149,146,137,141,143,138,132,133,137,137,133,139,126,122,132,124,134,132,120,123,125,125,128,128,128,127,130,129,126,126,127,126,126,169,166,164,162,158
Austria,112,117,110,109,114,111,108,116,99.7,113,113,110,124,127,105,114,114,113,114,126,120,121,114,114,110,112,112,119,116,120,120,120,116,135,131,131,128,127,127,127,125,123,127,130,136,134,129,134,128,132,131,130,124,123,128,133,130,127
Azerbaijan,,,,,,,,,,,,,,,,,,,,,,,,,,,,,,,,37.4,30.8,32.8,35,38.2,41.3,40.8,33.8,29.9,35,43.2,44.9,42.6,48.8,50.5,37,39.6,40,43.4,44.2,48.3,50.5,145,142,121,127,123
Belgium,,,,,,,,,,,,,,,,,,,,,,,,,,,,,,,,,,,,,,,,151,149,148,149,146,146,140,138,144,149,156,138,153,144,146,169,161,162,171
Benin,6.52,8.68,9.37,5.67,6.14,6.96,8.85,10.1,10.1,9.53,8.9,8.14,7.97,6.74,2.16,2.55,1.15,1.84,3.81,0.795,1.89,1.18,1.7,4.47,6.05,6.77,6.49,7.67,7.89,8.25,12.8,12,15.2,23,21.8,14.5,13,13,16.1,12.8,11.2,13.5,14.8,9.81,8.9,9.07,8.25,14.5,13.6,14.6,14.5,17.2,21.4,24.8,23.8,22.2,24.2,24.2
Burkina Faso,4.82,6.08,5.51,4.99,4.63,5.04,4.68,6.79,5.51,6.36,6.41,8.71,5.34,4.6,5.4,7.73,9.53,13.5,12.7,11.6,12.3,12.8,9.97,11.8,11.9,11.5,10.8,8.03,9.1,9.53,10.5,10.8,10.9,9.53,9.04,14.1,15,13.4,14.1,9.18,12.4,16.2,12.4,10.4,16.6,17,18.7,13.1,13,13.3,19.5,19.8,20.2,23.6,24.3,25.4,26.9,27.8
Bangladesh,26.7,29,29,31.2,34.3,42.1,43.8,40.7,42.5,37.8,35.6,28.3,28.4,29.2,27.7,27.8,25.8,24,24.9,24.3,24.3,24.1,23.8,23.3,21.3,24.2,23.7,23.9,23.3,22.4,20.2,20.1,20.8,20,19.4,18.9,22.6,20.7,18.6,18.1,22.3,18.5,17.1,21.9,28.7,24.6,23.7,22.7,22.8,21.9,22.5,22.3,22.1,26.3,26,25.1,24.6,24.4
Bulgaria,55.8,56.7,60.3,68.7,67.4,76.8,76.2,88.8,97.7,99.1,99.3,95,98.9,99.8,98.3,104,103,106,103,105,106,107,107,108,106,109,107,107,103,78.7,73,90,87.3,82.3,83.1,77.5,79.4,77.1,81.2,79.2,85.8,84.7,84,86.1,94.5,97.6,93.1,92.7,87.5,72.2,77.7,76.5,78.7,93.3,93.1,94.5,94.5,94.7
Bahamas,95.6,95.7,90.9,96.4,100,100,101,111,132,127,118,118,107,96.4,103,102,114,125,120,141,130,139,126,135,148,119,115,133,140,135,124,119,112,109,128,136,122,123,123,121,121,106,130,132,137,127,124,125,120,119,120,96.6,107,200,196,197,200,168
Bosnia and Herzegovina,,,,,,,,,,,,,,,,,,,,,,,,,,,,,,,,27.7,25.6,29,28.9,33.1,42.2,39.5,39,37,45.7,45.9,41,44.3,46.4,52.4,57,59.3,52.4,53.8,55.4,57.7,55.3,94.2,97.9,94,85.1,81.1
Belarus,,,,,,,,,,,,,,,,,,,,,,,,,,,,,,,,101,97,80.4,105,107,115,123,102,107,111,111,91.6,96.3,105,96.4,104,113,118,102,110,104,107,234,212,219,208,183
Belize,72.2,73.9,78.8,84.5,86.8,91,95.3,100,103,104,102,103,103,103,103,104,103,105,107,107,107,104,104,105,104,103,104,105,108,110,111,114,117,125,126,121,121,121,123,122,118,121,126,120,118,117,120,115,119,123,121,121,116,131,130,129,134,152
Bermuda,122,124,103,128,120,117,122,127,119,120,128,162,123,129,94.1,105,95.8,99.9,95.8,102,118,108,106,107,114,107,106,93.8,98.7,103,100,95.8,97,139,150,152,134,145,145,136,130,129,127,130,125,129,123,127,129,128,130,124,120,,,,,
Bolivia,53.3,55.3,55.1,56.5,61.5,64.1,67.2,68.7,71.7,76.1,80.6,78.9,70.1,68.3,69.4,78.2,87.6,91.6,102,85.8,81.8,88.4,80.1,79.2,71.2,74.2,74.4,76,75.8,81.1,73.2,76.3,77.5,76.7,76.4,75.6,75,73.8,73.8,76,77,75.9,74.9,74.6,74.4,71.3,70.4,71.2,69.8,70.6,73.1,72.8,75.2,74.3,70.4,72.4,73.6,74.4
Brazil,115,115,110,105,113,101,104,114,113,113,112,118,119,126,132,131,127,130,143,146,134,136,129,132,127,135,133,130,132,132,130,137,138,142,144,141,138,136,107,109,109,108,114,115,115,115,114,116,115,117,116,117,117,118,117,117,117,117
Barbados,143,144,145,145,144,145,144,143,139,143,161,143,157,163,165,168,169,172,178,179,191,177,187,166,163,164,155,165,150,142,124,137,126,138,137,157,160,146,150,149,151,149,150,148,151,151,153,160,160,161,159,160,160,165,166,164,164,166
Brunei,95.2,99.9,94.2,114,105,111,114,118,111,112,121,126,112,117,112,109,110,128,109,123,97.3,113,145,133,132,102,114,108,107,96.9,109,118,115,116,114,103,100,79.8,87.5,89.6,109,82.2,107,124,125,129,133,125,135,136,138,135,135,,,,,
Botswana,47.1,46,46.5,45.7,45.6,44.8,44,43.6,44.6,44.9,45.5,44.8,43.7,45.9,45.8,47.5,37.3,45.5,48.1,54.8,60.1,63.1,62.8,62.1,60.7,62.4,66.1,67.5,65.3,65,75.2,79.6,68.5,66.3,62.8,60.9,66,66,66.3,65.4,67,67.6,81,77.6,79.3,81.4,84.9,79.1,83.2,93.4,81.9,80.4,85,101,106,106,111,109
Central African Republic,8.27,8.63,9.32,9.15,9.26,11,15,12.6,13.2,13.7,13.4,10.8,11.4,11.2,10.1,10,10.5,11.3,11.2,10.2,10.4,10.7,9.15,8.66,11,11.9,12.4,17.7,17.6,19.7,17.1,17.7,16.7,20.4,21.4,17,24.1,24.4,20.9,27.7,21.3,21.3,26.2,28.2,28.5,24,25.7,25.7,24.6,23.3,24.1,25.7,22.4,19.7,19.8,20,17.1,18.5
Canada,125,132,128,125,129,136,133,132,137,136,135,134,133,127,122,131,130,127,123,118,118,113,115,121,122,127,128,117,113,117,115,120,125,127,130,136,141,142,134,139,145,153,153,149,147,145,146,140,136,126,137,132,132,256,255,248,231,250
Switzerland,146,150,122,139,138,138,133,147,143,146,142,156,139,147,102,118,143,123,125,127,132,124,139,132,128,135,132,143,137,140,123,134,137,124,133,144,141,133,138,149,147,157,156,163,161,164,162,163,159,161,160,165,166,142,132,131,134,133
Czechoslovakia,124,124,125,122,121,121,120,128,126,123,122,123,127,126,123,125,118,127,127,124,121,123,118,115,110,116,114,124,120,136,127,130,,,,,,,,,,,,,,,,,,,,,,,,,,
Chile,75.6,96.4,98.8,88.8,82.1,79,84,82.1,103,101,107,111,88.6,89,83.6,94.6,99.2,104,104,105,102,96.3,92.5,99.3,91.7,98.8,103,101,106,106,106,119,118,119,122,124,126,128,131,125,122,124,117,119,119,119,129,130,130,133,133,133,131,132,133,131,129,127
China,5.42,5.01,5.4,6.58,6.99,7.23,6.55,7.21,7.37,7.18,6.93,7.7,8.25,7.75,7.86,8.08,9.78,10.1,11.5,13.3,13.2,17.2,15.4,17,19,17.5,19.2,21.7,18.6,18.7,21.3,18.9,14,15.6,18.1,20.3,22.8,22.3,17,15.7,16.5,15.7,17.4,16.7,16.9,17.2,17.7,17.5,18,17.9,18.7,18.9,18.8,23,22,19.6,20.3,20.6
Cote d'Ivoire,22.2,22.6,19.7,17.8,22.3,24.2,21.3,23.3,22.8,23.6,22.6,21.3,21.5,21.9,19.4,20,20.9,22.2,21.6,27.2,27.3,28.7,28.7,26.2,27.9,32.6,31.8,33.4,31.7,28.4,28.9,29.9,28.8,28.4,27.2,24.4,23.9,25.4,24.8,22.3,23.2,28.4,29.1,27.2,27.3,26.6,28.2,27.6,25.2,27.2,28.7,25.6,28.2,21.8,24.5,25.4,27.1,29.6
Cameroon,4.33,4.52,4.47,5.18,5.86,6.44,7.53,7.4,9.75,11.4,12,12.2,12.5,15,14.2,14.6,16.9,17.2,18.8,19.7,20.4,19,19.7,13.9,13.8,15.9,17,16.9,15.6,18.1,17.4,18.3,18.8,17.5,18.3,19.2,24.9,20.6,19.3,24.1,24.7,29.3,27.3,26.8,25.6,23.5,27.4,26.2,21.5,26.4,27,25.9,27.2,26.7,25.2,24.6,27.3,28.9
"Congo, Rep.",5.04,4.05,9.48,7.89,7.64,7.1,6.25,6.11,6.88,6.44,8.14,11.6,14.5,12.6,17.5,15.6,17.8,19.5,21.3,24.3,22.4,21.1,25.5,25.8,26.4,23.9,23.8,25.1,25.9,26.5,25.1,18.6,17.9,20.4,22.4,21.5,17,23.4,24.5,27.3,31.8,34.8,37.2,41.2,39.8,42.1,51.9,52,38.6,37.1,38.3,41.9,48.4,45.7,46.3,44.9,41.7,42.6
Colombia,160,159,145,142,133,130,123,118,129,120,129,136,138,150,169,181,178,190,183,188,175,184,188,183,187,183,200,181,180,173,178,183,179,178,178,170,172,173,179,172,175,172,173,174,169,167,167,167,164,150,151,155,160,164,164,188,202,202
Cape Verde,40.1,40.4,36.7,39.6,37.4,43.9,43.4,46.6,54.3,54.5,54.2,54.6,39.1,39.8,25.3,25.2,25.9,27,29.1,31.3,34.1,35.8,43.3,40.4,40.1,41.6,44.3,43.2,46,46.2,48,50.6,50.5,51.8,53.6,52.1,54.2,53.3,59.7,65.5,76.2,67.9,70.5,71,66.8,61.9,61,60.8,60.6,58,57.7,56.2,52.9,64.9,62.8,62.4,62.8,61.7
Costa Rica,123,123,120,131,126,131,121,134,133,143,152,159,171,172,175,169,178,175,168,169,180,180,168,170,187,180,177,172,161,165,164,166,166,164,162,159,157,158,158,155,151,152,153,152,157,158,161,154,150,150,149,149,144,147,146,154,143,143
Cuba,134,137,139,139,142,142,143,144,144,143,142,143,139,154,145,153,148,156,146,148,153,179,187,191,179,181,189,166,168,163,162,161,160,151,160,167,183,177,187,180,170,156,148,170,148,139,137,122,162,165,158,150,146,148,146,144,139,145
Cyprus,61.4,62.1,63.6,67.2,76.2,78.6,79.8,84.5,83.9,83.9,85.5,85.6,88,63.1,40.6,57.6,62.4,65,75.3,66.1,63.2,76.7,80.7,87.4,83.3,84.4,82.3,66.2,75.4,92.2,97.5,98.4,104,106,117,98.4,95.2,95.2,95.8,99.5,90.3,106,111,113,105,91.2,100,95.7,90.3,88.7,93.2,88.5,101,165,168,158,159,163
Czech Republic,,,,,,,,,,,,,,,,,,,,,,,,,,,,,,,,,112,108,127,141,130,128,121,121,127,140,150,150,103,88,95.2,95.8,107,111,113,119,118,154,132,128,135,121
Germany,94.3,93.6,95.1,98.7,95,99.2,96.5,103,101,106,108,110,115,114,110,117,110,116,118,118,119,121,119,114,119,123,119,120,116,96.5,120,126,117,111,121,110,115,112,113,115,125,124,133,135,140,132,126,136,132,137,133,130,133,134,135,130,127,121
Djibouti,98.1,85.5,97.3,71.7,93.2,79.3,102,91.8,68.5,90.4,90.2,95.9,109,107,100,104,105,98.3,81.5,86.5,85.2,91.9,88.4,84,87.8,91.5,84.8,85.6,85.6,83.4,81.7,81.1,79.2,79.8,81.1,75.9,75,76.2,73.4,73.2,72.2,73.5,74.6,73.1,73.5,74.7,79.4,82.1,80.6,83.4,84.7,90.6,93,96.2,97.7,99.9,100,108
Dominica,95.2,89.8,89.8,93.1,93.9,114,115,117,120,122,120,115,89,99.8,108,111,96.2,102,42.5,78.4,82.4,96.5,99.7,106,110,116,124,126,128,132,129,127,132,134,125,118,122,122,117,118,116,116,118,124,121,125,126,126,123,122,117,116,113,186,183,185,184,180
Denmark,141,147,144,140,145,147,146,142,144,149,145,141,150,149,139,147,126,132,126,130,131,134,134,125,126,124,126,121,116,122,131,135,141,142,138,132,146,139,136,147,142,158,158,159,139,148,172,147,144,147,146,152,152,150,150,151,151,154
Dominican Republic,63.5,88.3,87.9,81.2,72.2,78.1,73.6,87.5,84.1,76.5,81.3,84.3,95.9,94.5,89,87.6,90.4,91.9,93.5,100,96.4,101,106,111,128,121,111,90.5,94.3,76.1,93.2,102,109,110,109,108,105,97.9,99.7,96.1,111,111,106,106,108,102,105,103,95.8,90.1,87.6,91.4,95.3,109,106,106,110,110
Algeria,45,47,45.3,46.7,43.7,45.1,47.3,48.1,45.8,41.1,50.4,48,45.4,48.7,59.9,64.3,69.2,69.3,79.6,80.4,79.3,73.3,79.4,79,78.7,82.8,89.9,76.2,81.8,79.2,76.1,72.1,74.3,71.2,70.6,71.9,76.3,52.4,58.9,78.6,77.5,80.5,82.8,84.3,75.5,77.9,86.7,78.4,85.3,85.6,74.9,82.8,78.2,80.2,80.7,81.2,80.9,81.5
Ecuador,72.6,77.4,77.2,79.9,81.8,84.5,83.2,85.5,89,91.5,94.1,106,105,109,113,114,119,124,131,132,110,107,106,102,102,107,87.3,85.1,82.9,75.7,75.4,77.2,73,73.8,70.3,57.6,56,57,53.3,52,50.1,49,50.7,49.5,49.7,56.2,49.6,54.2,52.2,49,54.7,58.4,63.3,58.9,58.8,57.6,56.3,59.6
Egypt,33.9,36.9,37.1,38,39.8,41.1,40.2,40.5,40.5,42.1,43,44.4,46.4,47.8,51.5,53.3,57,61,67.6,71.8,75.9,84.1,86.3,90.9,88.7,86.8,84.1,85.7,84.7,86.6,86.1,84.9,80,78.5,79.5,79.9,83.5,79.3,80.9,82.1,88.1,83.5,76.4,75.9,74.4,72.5,72.5,74.5,68.5,81.2,82.9,73.9,78,72.7,73.4,73.5,73.6,70.8
Spain,56.3,64.2,57.4,62.9,63.3,67.5,78.3,73.2,75.2,79.8,81,80.5,81.4,88.5,81.6,91.5,90.2,90.6,95.8,83.7,83.4,83.8,79,70.9,78.2,73.3,75.7,74.6,73.6,76.1,75.6,79.1,77.8,80,80.4,80.5,80.8,81.5,81.4,81,81.7,81.5,81.7,81.9,81.9,82.8,81.7,82.8,82.9,83.2,85.2,85.5,85.6,91.1,91.1,91.8,90.3,91
Estonia,,,,,,,,,,,,,,,,,,,,,,,,,,,,,,,,53.2,58.2,78.5,67.7,92.5,103,101,139,150,151,118,120,144,144,131,131,119,127,126,120,89.5,86.5,169,149,131,124,143
Ethiopia,,,,,,,,,,,,,,,,,,,,,,,,,,,,,,,,,10.1,8.68,9.34,10.5,11.1,11,11.5,11.5,11.6,11.3,11.6,15.4,15,15.8,15.3,16.3,14.8,16.1,17.8,15.7,18.1,20.9,20.2,22.5,22.5,23.4
Finland,124,114,89.3,118,120,128,125,127,136,140,136,137,140,133,123,122,113,105,91.5,105,99.9,100,102,96.8,101,93.1,97,106,112,116,111,119,120,110,110,104,105,101,100,105,95.8,95.3,94.1,95.4,93.2,91.4,94.4,81.9,92.7,84.4,85.8,86.8,86.8,110,110,110,111,113
Fiji,80.9,81,81.3,82.1,82.2,82.9,83.5,85.2,86.4,86.9,88.6,88.2,89.7,89,88.5,88.7,89.9,89.5,90.5,79.2,77.4,75.8,76.1,76.1,85.9,74,64.4,70.8,73.7,75.5,76.1,76.2,73.6,71.7,70.9,68.4,70.3,71.9,79.1,78.8,90.4,92.6,99,102,110,112,111,106,109,99.5,109,108,104,349,408,376,434,360
France,83.5,89.8,90.7,96.8,91.6,95.5,109,92.4,104,109,115,108,121,117,108,109,106,108,97.3,91.2,98.1,92.7,98.2,96.3,95.6,93,101,98.9,98.1,98.7,99.7,103,101,101,102,106,107,110,112,109,112,113,111,113,114,104,102,99.5,111,104,103,104,107,102,106,106,106,117
Gabon,5.64,7.18,7.75,10,8.36,12.4,11.9,11.9,12.7,12.2,11.7,12.5,12.2,21.8,47,43.9,53.3,50.3,55,56.5,62.7,63.2,60.5,61.5,59.2,62.3,60.8,59.3,57.9,52.3,40.9,40.2,46.7,43.4,44.4,46.7,47,50.1,49,43.1,42.3,43.6,44.8,45.2,43.6,43,43.6,39.7,43.5,44.4,44.8,41.7,42.6,47.1,47.3,47.3,47,46.8
UK,142,122,136,132,141,138,141,134,134,135,134,122,139,115,126,126,131,114,118,118,117,128,117,117,109,112,113,114,115,114,112,110,99.2,108,104,108,108,103,109,102,111,113,111,114,103,90.5,99,99.9,106,100,110,106,113,107,103,101,104,104
Georgia,,,,,,,,,,,,,,,,,,,,,,,,,,,,,,,,32.6,33.6,28.1,40.4,72.9,80.9,75.3,75.5,84,81.1,89.6,92.1,103,106,108,117,124,117,85.3,81.3,96.8,93.1,96.8,99.8,98.8,110,106
Ghana,27.2,26,15.5,16.4,22.3,23.1,20.6,25.1,26.5,27.1,26,27.4,25.5,19.6,18.1,15.6,10.9,9.37,4.96,5.18,2.36,5.1,3.4,7.29,7.04,7.07,20.9,22.3,18.2,16.1,17.2,23.3,22.4,17,22.4,13.4,6.08,12,16.2,20.2,19.8,20.1,19,22.8,26,26.5,27.7,26.1,30.9,35.8,30.4,25.8,40.5,40.7,39.4,36.4,37.9,35.1
Guinea,8.27,11.8,8.41,7.26,12,10.4,7.7,8.08,8.58,8.63,9.04,8.68,8.3,7.92,8.22,8.9,10.6,12,18.2,16.6,15.1,14,15.9,22,26.8,33.8,32.2,20.2,27,24.6,27.1,28.1,27.5,27,28.8,29.3,30.5,30.8,30.8,31.2,29.4,28.3,31.1,32.1,35.5,35.6,36.2,37,37.8,35.5,35,32.7,27.2,41.8,40.7,40.9,41.2,40.5
Gambia,31.3,30.1,18.3,9.75,39.8,28.2,51.1,55.8,53.5,44,51.9,19.3,20.5,21.2,4.68,22.8,40.2,43.7,52.2,51.6,56.7,56.4,72.1,94.6,82.5,125,137,124,129,128,127,102,103,102,105,98.4,98.2,95.2,88.6,93.5,72.9,78,75,80.3,81.4,73.6,77.9,72.6,69.5,69.2,71.2,70.4,72.1,79.6,81.3,81.3,82.3,82.7
Guinea-Bissau,3.92,3.89,6.14,7.01,7.37,7.51,7.07,9.21,11,11.6,12.8,13.2,12.7,8.71,7.84,7.37,6.25,9.56,5.1,8.66,9.45,6.47,6.6,6.47,8.85,8.3,5.48,9.04,8.88,5.59,6.47,4.93,5.1,10.1,6.25,14.3,16.8,9.92,12.7,13.9,18.1,14.3,19.2,30.3,29.9,29.1,30,29.1,28.7,29.8,29.9,28.7,30.3,16.7,16.4,18.7,18.4,19.4
Greece,41.9,41.6,38.7,43.8,50.5,56.9,57.9,57.8,54.2,60.6,67,68.5,80,82.7,78.8,85,87.3,90.4,93.5,73.5,87.9,89.2,89.8,93,95.7,95.1,97,94.8,101,87.3,84.1,89,84.4,86.6,85.9,83.6,74.4,87.1,88.5,90.4,94.4,94.2,96.2,100,93.2,78.3,86,85.2,75.7,77.3,75.1,81.2,80.3,80.4,79.9,79.9,92.1,89.7
Grenada,100,118,117,128,145,145,153,157,145,136,131,125,102,77.1,68.1,72.5,88.3,97.8,99.6,103,96.8,112,106,104,92,101,109,113,118,120,118,117,118,116,111,113,104,100,98.7,97.9,99.1,101,103,103,104,104,102,104,102,104,114,112,112,149,185,146,152,119
Guatemala,58.8,63.6,61.1,64.1,72.5,74.8,75.9,77.2,75.1,77.8,76.6,79.8,85,82.8,92.8,93,96.9,95.2,95.5,105,104,103,93.8,99.9,102,108,109,104,107,117,117,118,120,125,123,114,112,114,119,121,117,131,140,136,144,137,152,135,148,136,145,130,132,117,117,120,134,140
Guyana,109,110,108,111,111,104,104,106,106,109,110,120,132,123,112,135,129,129,120,120,134,134,150,136,116,129,168,151,130,116,89.6,72.8,86.2,85.4,105,104,101,95.5,94.6,93.5,108,101,105,108,100,100,113,107,102,110,118,119,118,171,156,169,159,152
"Hong Kong, China",61.3,55.7,77.3,41.5,68.1,78.8,60.8,68.3,55.6,56.9,49.3,48.8,48.5,58.6,61.7,60.7,73,74.9,78,53.3,66.3,69.2,80.4,76.4,79.8,82.7,88.5,89.6,93.5,87.7,74.7,84.3,81.5,88.6,100,101,101,103,108,94.5,99.2,100,102,97.3,97.9,97.3,99,99.2,97.2,99.7,97.8,100,98.1,141,140,139,138,137
Honduras,69.6,67.6,68.7,67.1,71.5,68.7,71.3,71.2,82.8,75,76.7,77.8,85.1,82.9,81.7,85.5,87.8,92.8,91.9,91.3,93.1,81.2,86.5,84.9,83.5,83.2,81,95.2,98.4,108,96.8,100,106,106,108,110,110,112,111,109,109,108,115,114,116,124,126,126,128,127,124,130,131,153,154,158,160,160
Croatia,,,,,,,,,,,,,,,,,,,,,,,,,,,,,,,,123,113,128,131,126,113,114,104,125,158,170,186,178,168,171,132,140,138,148,143,129,118,156,143,148,168,181
Haiti,65,66.9,64.9,67.1,64.7,61.9,61.9,62.8,62.4,63.1,63.6,64.7,67.8,67,66.3,68.4,67.9,69.8,72.8,69.5,66,65.1,68.4,57.4,51.5,47.2,42.4,40.1,43.2,45,52.6,50.4,45.3,43.6,56,51.7,50.8,53.4,65.6,60.1,60.9,63.9,58.6,60.8,60.1,60.3,59.7,58.7,56.6,47.9,49.5,51,45.8,52.3,51.7,52,52.2,51.8
Hungary,82.6,84,86.3,89.3,89.9,93.9,95.9,94.9,102,100,103,106,111,113,118,95.2,105,109,102,113,106,114,107,103,107,108,121,103,120,119,109,124,110,108,117,125,125,131,119,105,104,102,103,103,98.7,102,95.9,98.2,93.9,93.9,96.8,94.2,95,111,114,112,111,112
Indonesia,32.1,32.6,29.5,32.8,32.4,27.7,33.9,31.9,32.7,33,35.6,34,31,36.5,35.5,36.8,37.8,38.2,39.5,39.2,46.1,43.6,42.5,41.6,39.4,39.4,39.6,39.3,39,38.5,38.2,37.4,38.3,42.3,42.9,43,45.1,45.2,42.3,44.4,45.1,45.1,45.2,44.9,46.5,39.6,39.1,37.9,39,39.3,40.5,43.9,46.5,46.2,45.9,45.9,46.9,54.7
India,52.5,50.3,50,50.4,53.1,52.4,46.6,44.2,50.3,53.2,56.1,51.5,49.2,53.7,51.2,52.3,53.3,58.2,57.3,52.2,54,53.2,55.3,65.9,64.2,56.9,49,49,54.8,56,57.3,58.1,51.9,57.3,57.9,56.9,62.3,62.9,62.3,63.7,64.1,62.9,66.2,54.7,54.2,55.2,56.2,62.2,62.4,59.9,60.9,63.6,64.2,58,61.8,62.7,60.5,63.8
Ireland,146,139,144,144,147,147,151,153,151,151,155,138,154,146,151,141,143,151,141,134,124,128,122,127,126,125,109,109,111,130,119,131,135,135,126,110,110,106,111,120,118,91.2,105,103,104,108,116,120,108,105,135,133,126,249,224,231,216,228
Iran,63.9,62.8,63.8,66.7,68.8,74.3,70.7,68.7,66.4,66.7,68.4,70.2,77.2,76.6,88.1,89.7,87.4,88,87.9,81.5,75,65.9,62.9,75.6,75.6,72.6,69.8,64.2,70.1,71.6,73.7,75.8,76.6,77.9,73.6,72.8,72.8,72.7,73,72.6,72.6,72.9,73,74.5,75.3,77.2,76.3,75.2,77,81.2,80.1,79.6,79.8,88.2,88.1,90.1,90.4,90.2
Iraq,61.8,66.5,70.8,73.6,77.6,81.2,89.9,84.2,85,86.2,86.1,85.6,88.1,92.4,94,92.9,95.1,93.3,91.3,87.5,90,89.2,88.7,90.5,92.6,105,103,95.5,97.3,71.9,46.5,48.6,47.1,47.5,38.7,33.4,41.5,42.4,47.2,47.2,49.3,51.3,51.5,74.6,64.5,69.7,61.2,50.8,43.5,52.5,51.9,50.4,52.7,57.8,69.7,63.8,59.5,58.9
Iceland,163,164,172,166,165,184,170,165,157,155,146,136,141,137,124,141,165,168,170,153,158,150,154,153,148,153,160,162,157,153,156,156,156,163,166,159,166,160,154,147,142,145,144,138,131,129,127,128,133,134,130,132,132,132,136,145,213,224
Israel,97.1,99,98.1,101,106,103,104,109,110,115,112,112,112,108,103,96.8,99.2,100,101,100,98.1,98.1,99.2,106,108,112,114,112,117,118,119,120,117,120,124,137,140,142,144,145,120,122,107,74.9,73.5,70.6,71.6,69.4,71.6,75.6,75.4,76.9,76.2,86,84.2,83.8,85.9,90.7
Italy,68.7,70,72.9,76.3,75,76.5,78.7,79.1,83.1,84.4,84.8,91.1,96.7,99.2,81.2,89.8,87.7,89.8,93.4,96.1,95.9,87.6,84.7,82,77.3,78.7,78.7,78.9,79.7,83,84.9,84.5,83.7,82.5,83.2,84.3,88.1,89.1,80.6,84.7,87.4,85.8,85.8,88.1,87.4,81.9,81.3,81.5,81.2,82.3,84.2,86.4,88,89.6,89,88.9,88.8,89.9
Jamaica,108,110,110,117,119,125,129,135,144,126,136,139,138,137,142,146,152,150,134,153,129,119,122,124,118,123,133,140,156,142,141,139,145,144,109,140,130,136,139,161,157,157,154,136,143,131,132,151,137,137,138,143,135,173,183,171,175,176
Jordan,73.9,84.8,74.9,57.9,83.9,87.9,91.6,74.8,72.8,73.3,73.4,74.5,60.2,73.6,65.1,103,108,112,129,124,133,115,108,109,113,116,117,116,118,116,116,112,111,108,93.8,95.8,107,104,104,114,113,117,122,137,136,143,134,134,115,130,113,133,128,118,123,114,116,113
Japan,49.4,54.1,52.2,57.8,61.8,65.4,73.5,80.1,83.8,96,88.2,89.7,80.6,82.8,74.5,77.4,83.5,88.8,94.1,91.5,77.3,91.6,89.2,90.5,91.8,93.6,93.3,94.6,96.2,93.5,89.8,88.9,87.2,86.4,84.4,84.4,82.9,83.9,82.3,78.4,80.8,81.6,82.3,82.4,78.6,75.6,82.5,77.8,75.6,69.4,76.3,75.2,74.2,75.2,74.1,73.9,71,71.2
Kazakhstan,,,,,,,,,,,,,,,,,,,,,,,,,,,,,,,,61.3,55.1,58.2,57.7,52.8,54.2,55.8,57.1,56.9,71.2,81.2,77.9,91.9,93.4,85,88.7,86.8,81.9,72.7,78.2,78.7,78.4,86.1,86.1,83.6,82.3,83.6
Kenya,37.6,38.9,36.7,36.7,38.6,39.6,39.9,40.4,41.9,44.6,50,50.6,53.9,54.2,45.9,36,44.9,47.5,51.8,57.4,67.6,61.8,55.8,67.1,70.2,75.2,64.6,60.2,65.5,58.1,55.5,52.8,48.5,50.2,50,44.8,41.4,49.3,49.1,57.3,53.9,52.3,51.8,51.7,52.3,51,49.3,48.4,47,46.7,45.5,44.4,43.7,44.4,47.1,47.5,52.8,49.1
Kyrgyz Republic,,,,,,,,,,,,,,,,,,,,,,,,,,,,,,,,73.2,43.1,47.3,41.2,43.9,49.9,78.6,74.2,37.1,34.1,38.9,39.8,56.6,62.9,70.5,68.1,70,68.9,69.8,73.4,71.8,86.3,123,124,96.5,115,118
Cambodia,27.7,28.2,24.7,28.9,32.4,32.2,33.8,35.8,32,26.1,24.4,21,18.6,15.8,15.3,14.7,14.2,12.6,10.9,11.9,8.93,4.96,5.37,6.77,6,7.15,5.29,6.25,4.55,6.36,7.56,10.5,4.22,5.53,5.37,10.6,14.4,16.7,18.7,23,31.8,51.3,47.7,62.8,49,48.1,48.4,56.9,54.1,51.3,49.6,51,51.5,60.3,62.3,64.3,85.9,86.1
Kiribati,56.7,77.7,63.9,58.8,67.5,65.2,79.1,86.8,95.1,97.4,86.9,95.9,75.7,81.1,104,54.2,68.1,80.4,106,91.1,84.4,95.6,73.1,69.5,88.7,87.1,81.4,83.6,80.3,81.7,102,95.3,98.7,97.8,98.1,99.2,108,113,118,116,123,126,128,127,125,126,124,131,125,123,127,124,122,147,136,148,144,150
St. Kitts and Nevis,107,115,114,121,127,129,129,132,132,130,107,141,140,175,154,158,146,139,145,155,159,136,141,140,143,146,141,138,113,111,112,114,113,117,136,138,131,129,129,129,140,136,130,117,125,119,127,126,128,124,130,129,133,186,170,195,186,210
South Korea,5.18,5.18,4.77,4.52,5.01,6.58,10.2,14.1,19.1,20.7,22.9,23.2,25.5,22.7,21.3,25.5,32.6,41.3,47.2,43.1,38.4,42.8,49.7,56.2,58.8,66.7,70.7,79.5,86.7,88.2,91.6,92,87.3,84.2,86.4,87.6,92.6,80.7,90.8,96.3,100,103,103,103,104,104,100,99.9,95.1,104,100,103,105,104,102,105,111,110
Kuwait,95.4,93.9,90.2,85,85.5,96.5,83.1,93.2,101,102,107,111,108,114,113,118,128,133,133,123,119,125,125,122,115,113,112,103,103,78.9,69.1,73.8,85.1,102,112,113,117,117,113,110,99.6,119,127,117,112,108,110,106,106,98.4,96.6,107,106,104,110,108,111,99.6
Lao,2.03,2.9,2.68,2.55,2.82,2.52,3.07,5.1,5.12,5.26,4.58,2.79,2.49,1.67,3.12,3.01,4.38,4.33,3.34,1.26,3.15,1.86,2.49,2.68,2.44,2,2.44,3.32,5.78,5.97,7.86,5.95,7.73,9.92,10.9,10.1,9.92,11.1,12.8,12.2,12.8,11.9,12.2,10.9,14.4,14.5,16.5,17.1,16.9,16.3,17.7,19.1,19.7,44.4,44.9,45,46.2,45.8
Lebanon,61.7,75.1,73,82.8,84.7,93.6,92.6,97.2,102,101,107,112,103,101,94.1,109,114,122,120,100,101,82.1,91.7,102,101,92.5,95.6,107,108,106,114,130,123,132,128,130,134,139,141,133,105,102,104,106,103,103,137,131,134,145,138,131,123,200,182,179,177,186
Liberia,4.77,6.47,7.67,6.6,9.78,9.67,9.64,8.74,8.93,11.2,13.1,13.4,14.6,11.6,8.03,13.7,16.4,17.6,18.1,15.6,15.1,14,19.8,18.5,15.7,19.2,19.8,23.2,19.3,12.5,11.9,12,15.3,14.6,15.2,11.3,13.4,16.3,12.5,13,13.4,14.2,13.6,14.5,15.1,16.2,16.2,16.8,19,19.9,19.9,14.5,15.5,21,23.3,23.6,23.8,29.2
St. Lucia,77.3,73.8,78.5,79.9,81.9,82.8,75,67.4,65.2,62.8,67.3,63.9,71.8,77,72.1,70.4,79.7,75.5,77.3,84.9,83.6,83.4,80.8,88.6,94.8,100,104,103,103,102,99.3,103,101,102,105,103,104,105,108,103,110,107,99,105,100,107,112,117,116,112,113,110,106,117,117,113,113,113
Sri Lanka,48.6,49.2,50.1,51.8,56.6,66.4,65.8,66.1,68.2,67.9,64.6,51.9,44.2,21,12.6,15,23.9,39.7,51.8,47.7,43.6,40.9,49.4,52.8,64.1,64,60,55.4,62.3,51.6,67.6,66.6,52,70.4,51.6,66.2,77.9,85.7,74.3,85.2,83.8,85.9,78.5,76,72.4,83,72.2,88.2,69.8,79.4,75.4,74.5,73.4,76.8,76.8,77,75.7,73.7
Lesotho,31,33.8,36.5,35.8,38.3,36.3,36.2,36.4,36.2,36.1,35.9,36.8,35.8,36.2,53.3,59,59.3,63.5,53.6,56.1,56.9,60.8,53,51.8,39.5,42.9,45,44.4,45.8,46.8,46,46.9,46,45.1,44.4,42.8,42.7,42.4,43,43,43.3,44.7,47.6,46.6,45.6,46.8,47.2,46.8,47.2,46.9,46.4,49,45.5,55.6,40.6,44.5,42.8,76.5
Lithuania,,,,,,,,,,,,,,,,,,,,,,,,,,,,,,,,77.6,80.9,69.7,75.8,70.1,93.8,105,97.6,101,120,110,107,106,115,126,130,137,131,118,125,127,130,252,249,253,254,235
Luxembourg,,,,,,,,,,,,,,,,,,,,,,,,,,,,,,,,,,,,,,,,127,124,122,121,122,139,141,142,141,144,137,128,139,141,448,447,443,440,446
Latvia,,,,,,,,,,,,,,,,,,,,,,,,,,,,,,,,110,122,121,79.5,115,101,97,87.1,92.8,117,110,96.4,101,106,88.2,80.2,96.4,90.8,98.3,103,109,117,157,143,133,135,148
"Macao, China",66.8,65,64.1,51.1,59.6,52.6,41.9,40.3,25.8,30.2,12.3,11.1,43,41.4,37.4,50.3,55.9,51.3,63.2,61.2,65.6,70.7,73,62,56.4,62.5,50.3,61.1,61.5,78.9,69.7,62.7,64.5,67.3,70.5,70,65.2,61.1,59,62.1,69.7,73.2,80.8,87.8,96.5,83.7,85.4,102,97.2,100,105,104,102,277,250,246,254,259
Morocco,77.4,82.4,76.7,75.2,70.5,72.2,71.3,70.4,71.1,73.9,74.5,75.8,76.7,78.9,81.6,87.5,90.2,96,97.3,95.8,91.8,89.6,92.8,87.3,84.8,85.6,85.2,90.3,84.3,85.3,84.5,91.8,96.9,96.9,94.9,91.4,98.1,99.5,91.2,103,99.5,102,99.7,102,103,99.3,108,112,113,104,108,106,109,102,98.1,104,98.1,96
Moldova,,,,,,,,,,,,,,,,,,,,,,,,,,,,,,,,68.3,65.5,74.1,68,72.4,68.1,67.1,66.4,69,77.9,73.2,81.9,76.7,78.6,81.9,103,85.9,69.5,64.2,67,63.9,64.6,103,99.9,99.5,120,79.6
Madagascar,29.1,28.4,28.7,29.4,28.6,26.5,24.6,27.6,27.1,30,35.1,34.9,36.7,39.6,40.9,41.9,40.3,36.9,34.5,32.9,32.8,30.2,27.2,24.8,27.8,26.5,25.8,24.4,23,22.2,22.5,22.1,24.1,24.1,23.8,23.8,22.6,23.6,23.1,22.2,16.4,12.2,19.1,19,18.8,18.7,19.5,18.9,22.2,21.8,22.2,20.1,20.3,22.2,22.4,22.7,23,22.5
Maldives,98.2,95,96.2,87.2,84,81.6,78.7,75.3,85.9,82.3,85.8,83.5,76.1,83,76.7,68.1,67.1,70.5,74.4,79.5,81.6,79.4,80.1,80.8,80.9,95.6,95.2,87.7,102,113,113,110,127,130,117,106,103,91.8,86.7,89.7,94.2,94.3,91,98.5,99.2,96.6,98.3,101,98.5,101,98.6,93.6,83,87.7,100,85,88.4,83.9
Mexico,68.8,72.5,73,76.4,77.8,79.9,84.7,90,94.5,99.5,94,98.8,106,105,119,115,112,120,123,124,124,120,110,126,124,126,121,122,131,141,132,133,135,132,130,131,123,127,128,132,137,137,138,136,127,133,133,134,136,136,134,139,133,134,136,138,136,128
North Macedonia,,,,,,,,,,,,,,,,,,,,,,,,,,,,,,,,59.9,65.4,94.4,97.8,102,101,106,105,102,96.1,99.6,100,103,93.6,95.9,99,110,100,111,107,114,110,130,137,135,143,155
Mali,7.53,16.6,9.56,7.95,15.9,11.8,9.15,18.2,9.29,20.3,16.3,13.7,19,13.9,12.5,18.5,8.9,9.07,13.3,17.8,12.1,8.93,8.27,12.8,13.1,18.1,16.2,17.4,27.6,25.3,31.8,27.2,22.9,34.7,27.2,39.9,28.6,38.6,37.9,38.4,37.8,39.6,36.8,35.6,35.2,37.6,36.5,37,34.8,29.4,25.4,36.1,28.1,29.4,30.8,31.6,32.8,29.3
Malta,100,109,118,113,137,138,143,144,139,139,141,137,144,141,136,144,143,151,145,144,139,143,145,135,139,136,143,142,141,130,131,133,133,135,141,142,142,140,145,135,142,144,147,150,149,137,137,162,174,171,165,168,168,231,247,229,242,237
Myanmar,12.8,14.2,16.2,16.8,14.6,17.5,16.8,14.3,12.6,11.7,12.6,12.8,16.4,13.6,9.34,11.9,11.9,12.6,12.9,9.75,14.2,14.7,15.8,17.5,18.7,19.8,19.5,19.5,19,21.2,21.4,20.4,19.9,19.2,19.1,23.8,28.6,27.6,29.9,30.5,35.9,34.8,36.8,37.6,37,38.8,46.8,47.9,47,45.3,46.7,47.6,46.2,74.4,76.2,77,85.2,69.1
Montenegro,,,,,,,,,,,,,,,,,,,,,,,,,,,,,,,,,,,,,,,,,,,,,,126,130,127,121,118,132,133,131,353,353,337,343,337
Mongolia,8.22,13.3,28.6,52.7,53.8,52.3,50.8,48.1,45.6,33.8,36.2,41.3,45.9,39,39.3,39.2,53.4,53.9,54.3,63.5,57.6,62,55.6,56.5,52.7,63.3,58.6,60.9,60.9,65,48.5,29,34.9,32.7,27.2,28,31.3,30.2,25.9,33.2,36,32.2,32.4,33.3,37,36.7,34.2,39.2,36.4,35.7,39.8,40.9,40.2,63.7,58.9,59.6,61,64.4
Mozambique,18.2,18.9,19.2,21.4,21.5,21.6,22.4,22.1,25,26,30.8,32.5,34.4,34.7,35.1,34.5,34.3,34.1,33.3,31.2,29.9,27.3,17.6,16.3,7.26,9.12,11.6,11.3,8.88,9.86,9.32,11.5,13.8,16.1,15.4,15,15.4,15.8,16.6,20.8,21,20.4,23.3,23.3,24,23.6,27.8,30.6,31.3,30.7,31.3,29.4,30.7,33.2,34.2,34.4,32.2,36.9
Mauritania,55.2,54.9,54.6,54,63.1,62.8,64.3,57.1,52.4,48.5,42.7,44.1,47.3,50.3,36.7,46,51,52.9,52,48.9,51.3,54.2,59.2,55.5,57.5,64.8,66.4,75.8,78.2,75.8,77.1,64.3,79.2,66.6,87.6,80.1,81.5,87.6,89.7,113,112,100,92.2,94,88.7,89.7,105,98.3,98.3,97.6,98,94.8,99.2,109,109,108,108,109
Mauritius,117,119,116,117,115,110,110,110,112,113,116,114,120,111,120,115,119,125,116,125,131,123,121,132,133,150,133,145,148,122,117,116,105,105,114,110,107,105,103,104,111,101,106,103,103,106,103,96.4,96.7,88,80.9,91.3,96.1,104,115,122,116,123
Malawi,7.23,7.67,7.45,10,9.78,10.5,12,13,14.2,16.4,19.6,17.6,18,16.6,16.2,18.2,17.4,17.8,18.9,21.8,22.8,21.7,22.3,23.7,24.1,26,28.5,33.2,32.1,36.4,41,40.5,36.5,41.4,44.8,42.2,42.7,37.3,34,31.1,33.3,33.7,34.1,34.2,34.1,34.4,34.5,36.9,32.4,33.8,21.9,32,22.6,28.7,29.3,26.5,33.3,34.3
Malaysia,87.4,72.7,63.6,76.8,76.8,81.9,78.4,97.2,95.6,102,76.6,88,86.5,88,84.5,81.4,102,95.3,99.1,106,88,89.7,105,96.3,103,104,91.9,109,98.7,102,105,105,112,120,137,149,133,129,129,114,119,106,109,98.7,84.8,97.5,107,110,116,117,117,121,121,124,120,118,116,123
Namibia,77.2,80,82.6,85.1,87.2,89.3,91.1,92.8,94.3,87.8,88.9,89.7,90.5,87.8,88.7,89.9,90.9,92,93.2,94.1,95,95.8,96.3,96.4,95.9,94.7,93.1,91.3,91.9,92.6,93.5,94.4,94.5,96.4,93.6,82.1,73.3,67.5,62.6,62.4,61.5,60.7,59.6,59,59.8,57.5,51.6,42.9,45.2,46,48.1,54.2,55.4,89.8,92,92.9,109,108
New Caledonia,86.8,78.7,90.4,84.9,86.7,89.6,99.8,95.4,110,108,117,91.5,96.6,97.8,89.5,91.9,92.7,92.8,102,99.7,92.5,100,95,75.3,91,91,94.6,93,82.2,104,102,80,63.4,72.4,78.4,67.9,62.1,64.5,60.5,65.5,67.2,65.4,67.5,69.2,70.1,71.9,71.6,69,69.7,71.3,71,70.5,70.9,117,122,121,120,119
Niger,6.27,8.33,7.73,7.84,8.03,6.25,6.11,6.3,6.99,7.48,7.62,7.92,8.16,8.11,8.44,8.93,9.78,10.4,11.5,11,10.7,15.2,18.2,20,18.7,19,18.9,17.4,17.1,15.3,12.1,10,9.62,7.75,16.5,16.5,18.5,18.9,17.3,18.5,15.8,14.4,17.3,19.6,18.8,17.5,15.8,15.3,18.4,13.3,13.3,13.1,14.5,14.2,14.8,12.4,0.274,0.0274
Nigeria,4.55,5.51,4.25,3.84,5.4,5.4,6.88,4.27,6.3,6.93,9.64,8.41,9.01,6.14,7.97,12.1,19.1,24.4,25.1,30.5,32.6,28.2,28.6,17.9,16,17.2,22.4,13.6,12.5,12.5,16.6,17,18.1,14,22.1,17,19.7,22,22.2,22,29.2,29.2,28.5,28.8,27.5,25.6,26.1,26.8,27.9,28.4,25.9,28.5,29.5,31,30.8,29.9,29.7,29.3
Nicaragua,95.3,104,107,103,94.2,86.9,84.9,95.7,84.8,84.5,89.6,93.6,98.7,98.6,101,110,114,108,105,110,108,120,119,119,120,118,112,98.1,105,70.1,64,79.2,78.9,91.4,93.1,98.7,95.5,100,98,103,103,102,101,100,100,101,100,108,108,114,118,114,116,155,151,154,155,148
Netherlands,130,134,138,131,139,139,135,134,135,136,137,137,135,135,128,128,131,119,119,125,112,119,119,101,114,115,116,137,145,155,166,156,150,138,133,128,128,128,127,126,126,126,131,130,128,127,128,126,129,129,125,124,122,120,125,122,125,99.7
Norway,124,127,125,123,133,131,133,137,120,122,122,121,114,94.7,78.8,110,113,118,121,116,115,108,107,113,116,113,114,102,111,113,115,118,120,121,121,120,126,125,127,126,122,121,117,112,104,101,103,105,103,105,110,114,120,123,122,119,118,115
Nepal,2.68,2.79,2.93,3.1,3.4,3.73,2.63,3.01,4,4.38,3.37,3.42,5.56,4.11,4.63,3.48,4.77,6.96,5.84,2.11,6.93,5.73,4.71,6.03,8.41,12.1,8.08,9.97,8.52,9.89,10.7,11.2,12.9,7.1,9.73,10.8,13.6,12.2,13.5,14.2,13.6,13.3,13.7,13.8,12.9,13.8,13.9,12.7,12.5,11.8,11.9,12.5,13,21.4,23.7,24.1,23.6,25.4
New Zealand,135,139,136,121,136,140,137,126,135,137,132,132,133,141,123,135,128,140,138,126,125,135,121,128,130,146,153,145,142,142,142,141,135,144,127,137,144,145,148,157,164,166,170,165,169,162,165,171,165,156,159,158,162,159,158,147,152,157
Oman,,,,,,,,,,,,,,,,,,,,,,,,,,,,,,67.4,68.8,70,67.2,66.8,65.8,72.7,73.2,69.3,58.2,74.3,76.7,78,77.7,86.4,92.9,87.5,93.4,96.4,96.6,95.2,96.3,96.2,98.8,106,102,104,101,99.1
Pakistan,56.2,67.4,83,72.6,80.9,89.8,91.2,84.3,95.1,93.9,85.5,80.7,79.8,82.2,77.3,80.5,93.2,90.4,91.5,87.8,90.4,86.6,81.8,85.5,78.3,84.6,92.4,76.7,85.3,79.4,77.8,74.9,75.9,76.9,82.6,83.6,79.4,71,70.8,77.6,80.1,74,71.2,78.4,82.4,82.8,81.6,79.7,75.6,81.6,71.6,76.2,76,67.9,67,70.5,68.5,71.8
Panama,79.4,67.4,83.1,82.4,94.7,74.9,77.6,83,79,80.8,88.2,94.7,99.5,93.3,80.3,83.5,93,96.6,94.8,102,108,107,102,104,104,100,98.3,98.1,92.3,86.7,95.4,84.7,92.1,97.9,77.2,79.1,82.9,87.9,80.1,74.6,70.7,78,77.8,78.1,78.2,79.8,83.3,81.9,81.8,84.8,87.9,91.3,95.3,149,153,148,151,148
Peru,78.1,79.9,82.7,81.2,88.2,83.3,81.7,80,80.5,87.3,90.1,96.6,97.1,101,103,109,98.2,96,93.9,75.4,98.9,66.2,90.1,72.1,88.1,93.2,95.9,98.6,82.3,70,73.7,67.7,58.1,49.6,40,43.2,42.4,51,49,47.3,52.1,55.8,57.2,56.6,61.9,58.6,58.5,62.5,62,62,63.3,64.1,62.9,60.2,60.5,62,62.7,62.6
Philippines,38.7,37.4,44.8,44.8,47.2,48.2,54.5,56.3,54.5,50.2,53.1,55.4,58.1,66.8,60.7,58.2,64.4,70.4,71.3,71.6,65.4,60.1,65.8,67.8,69,59.5,72.3,60.9,71.8,74.7,71.2,73.8,76.4,79,76.6,85.8,77.9,75.2,75.9,78.6,73,74.5,76.3,75.9,70.1,67.5,68.2,70.6,62.7,63.3,65.7,68.1,64.6,60.7,60.2,63,65.4,66.4
Poland,89.2,87.9,94.1,92,95.5,99.7,104,109,113,114,115,119,121,128,126,128,121,125,128,123,99.5,124,134,134,123,122,137,138,140,132,106,109,124,118,113,118,119,120,119,125,126,126,126,123,119,119,119,115,119,119,120,122,122,123,112,125,126,127
North Korea,3.53,3.29,4.55,4.71,4.68,4.55,18.9,26.7,31.9,34.7,34.7,32.2,28.4,22.8,21,21.5,22.7,24.2,17.4,18,17.1,18.3,16.4,16.1,15.9,13.9,14.6,13.3,12.1,11.2,12.7,11.4,13.1,9.64,6.41,5.95,5.89,4.71,6.71,7.32,7.92,7.51,8.52,8.33,6.41,7.34,13.4,15.5,13.5,12.9,11.3,10.8,10.8,12.2,11.6,12.9,10.7,9.42
Portugal,51.6,51.1,49.3,49.8,50.8,58.6,59.8,66.7,73.8,74.6,75.2,75,76.8,75.9,77.4,69.9,71.7,72.1,73.3,74.8,74.8,74.8,71,68.6,70.7,75.5,75.5,77.3,82.5,75.7,84.1,83,86.1,86.6,79.6,86.7,85.7,86.6,89.5,89.6,89,88.2,89.8,84.4,84.1,81.7,79,82.6,79.5,80.4,77.8,77.6,78,101,104,110,98.7,103
Paraguay,38.1,41.9,43.1,50.1,54.1,58.8,43.6,48.2,50,55.2,52.5,55.5,57.7,56.7,50.1,57.2,58.8,59.8,58.1,59.2,60.8,62.1,62.7,61,64.2,80,62.8,66.2,64.9,60.1,60.7,62.3,66.3,69.1,69.6,68.6,66.9,66.8,73.3,67.9,67.5,68.1,71.2,68.6,69.6,69.5,68.6,70,70.6,70.7,71.6,70.7,69.6,86.2,84.7,89.3,88.4,91.9
French Polynesia,95,98.2,100,97.8,84.8,75.2,86.3,85,96.9,101,81.9,96.7,92.7,106,103,98.8,94.5,90.1,73,78.7,73.7,83.9,86.2,80.4,80.4,77.7,80,84,89,75,80.6,82.2,76,77.9,79,90.4,93.9,80.3,77.3,72.8,76.3,65.6,67.2,66.2,64.7,74.6,63.8,69.5,69.8,70.5,67.5,65.2,66.5,119,107,116,108,101
Romania,29.9,33.2,37.1,40.9,46,48.8,45.9,52.4,56.3,58.2,59.5,61.2,61.4,61.8,61.4,76.1,76.8,80.3,83.1,85.6,73.4,75,77.3,78.9,76.2,69.7,66.9,68.6,70,69.8,70.5,73.3,71.2,73.2,70.3,73.9,58.9,61.3,62,69.4,72.5,70.8,73.8,76.8,77.5,85,74.8,67,69.5,69.2,68.2,69,70.1,73.9,76.4,79.9,81.4,79.4
Russia,,,,,,,,,,,,,,,,,,,,,,,,,,,,,,,,92.9,96.9,96.2,99.3,103,104,108,112,112,114,120,122,127,133,138,140,139,132,129,134,134,134,209,212,208,211,209
Rwanda,0,0,0.0822,0.438,0.822,1.67,2.71,3.75,3.4,2.63,1.4,1.07,0.986,1.4,1.23,1.73,1.67,2.38,3.75,5.29,5.15,4.74,4.22,5.56,4.9,4.71,4.99,5.48,5.48,4.6,4.68,4.71,5.34,4.9,4.6,5.12,9.95,9.64,7.18,3.97,7.64,6.03,5.48,3.29,5.21,8.19,10,8.79,11.9,14.9,14.3,18.9,14.1,21.8,23.8,24.1,26.8,30.9
Saudi Arabia,18.2,17.8,27.3,29.9,32.4,33.1,32.8,37.1,40.8,45.5,47.3,51.1,35.1,39.2,44.6,45.3,31,46.9,61.4,113,115,105,87.3,83,75.3,71.5,74.8,76.2,75.9,74.3,75.2,77.7,76,74.5,77,78.7,79.9,79.4,81.6,83.9,84.6,84.2,85.6,84.6,88.6,89.4,87.9,88.8,92.2,90.7,88.8,88,86.8,83.4,83.8,86.6,86.4,85.9
Serbia and Montenegro,,,,,,,,,,,,,,,,,,,,,,,,,,,,,,,,58.6,57.2,62.9,55.2,63,72.4,59.2,68.9,64.9,67.6,66.8,84.4,79.7,92.6,,,,,,,,,,,,,
Sudan,33.8,33.9,33.3,33.4,35.2,37.2,38.7,40.1,42.9,46.2,50.3,49.4,49.8,49.2,42.8,45.9,49.1,50.5,51.5,55.8,51.2,56.2,57.7,54,54.8,55.2,56.9,53.3,49.6,46.4,44.4,40.4,39.6,39.1,38.1,37,32,36.6,37.1,43,45.5,52.6,53.7,58.1,65.3,66.4,63.5,63.8,65.9,65.5,67.4,96.4,96.1,83.3,84.4,84.2,83.3,85.1
Senegal,54.6,56.5,55.6,58.1,54.1,51.6,44,44.9,40.2,48.2,50.7,54.1,49.9,39.5,46.4,50.9,50.2,40.4,49,41.2,46.2,48.8,44.1,46.6,29.6,34.1,31.9,27.8,33.2,44.5,42.2,37.1,37.2,47.9,49.3,48.5,52.6,41.9,40,32.2,41,35.8,35.9,31.3,32.8,43.9,42.9,37.8,41.9,43.6,44,46.1,50,47.5,43.5,46.9,49.1,53.2
Solomon Islands,17.7,17.2,14.6,16.5,18.1,22.1,21.5,22.7,23,21.9,26.5,22.1,22.4,23.8,15.6,18.3,22.2,22.9,28.5,22.3,23.2,21.1,24.9,30.2,24.1,29.6,28.4,27.5,23.4,27.2,18.9,22.1,24.1,26.4,17.6,23.3,23.3,22.4,23.5,17.9,17.9,19.5,22.6,23,28.4,36.9,22.4,36.5,29.2,35.8,24.1,15.5,13.2,23,22.6,27.7,29.3,29.4
Sierra Leone,22.8,23.1,20.9,20,23.9,25.7,25.4,24.8,27.7,27.1,28.3,27.3,25.2,19.4,18.4,20.2,19.5,19.7,22.1,19.1,18.4,20.1,16.1,14.8,15.8,13.5,14.2,15.4,13.6,13.4,14.1,14.4,14.5,14.1,12.2,10.4,9.51,14.7,14.1,14.1,13.5,13.8,15.7,15,14.6,18.5,18.4,18.3,18.2,10.4,15.6,14.6,16.5,15.4,14.6,18.1,18.9,19.2
El Salvador,58.8,58.2,63.8,58.2,72.2,68.5,72.8,72.6,72.4,71,74.4,78.1,79.9,81,86.4,97.7,94.8,100,96.6,101,98.4,104,101,96.6,96.6,95.9,98.2,106,100,99.4,103,100,102,92.7,97.8,106,115,118,116,115,112,108,105,103,109,116,113,112,112,108,112,113,113,109,115,114,107,117
Serbia,,,,,,,,,,,,,,,,,,,,,,,,,,,,,,,,,,,,,,,,,,,,,,84.7,87.8,70.4,84.7,66.7,79.2,75.6,77.1,82.8,75.2,83.3,83.7,70.7
Sao Tome and Principe,37,37.5,37.5,39,34.8,39,38.5,38.6,35.2,41.3,41.2,44.3,47.6,35.1,27.6,42.5,48.2,48.4,45.3,41.2,31.1,30.5,31.4,29.6,34.2,31,30.4,30.6,32.7,43.8,42.7,41.5,42,44.4,42.6,45.5,39,36.7,38.9,42.6,48.5,53.2,52.1,56.9,56.9,58.5,59.6,59.2,60.5,62.1,62.5,35.8,50.5,86.9,87.6,88.2,87.3,86.3
Suriname,79.7,82.5,82.4,79.1,85.7,90.2,95.6,86.5,91,90.2,89.8,86.7,87.1,87.5,87.8,78.6,77.2,99.3,107,122,90.8,95.4,107,100,98.7,97.2,86.1,90.5,98.9,98.9,100,101,99.2,104,109,133,131,134,122,125,126,131,133,126,131,129,132,128,128,124,122,121,121,147,144,140,150,136
Slovak Republic,,,,,,,,,,,,,,,,,,,,,,,,,,,,,,,,,94.3,97.6,117,117,118,111,99.2,99.6,89.6,87.3,86.1,108,131,121,111,140,143,144,133,122,136,146,159,225,239,228
Slovenia,,,,,,,,,,,,,,,,,,,,,,,,,,,,,,,,42.1,54.9,46.9,53.4,52.5,58.2,58.7,54.9,57.8,55,55.2,55.6,62.2,65.3,62.9,65.7,66.1,67.1,71.6,70.4,73.9,75.1,127,135,125,140,123
Sweden,127,123,118,119,126,128,126,122,122,125,130,131,130,126,127,127,118,117,122,123,122,123,128,129,126,120,116,119,119,118,119,121,126,134,117,123,120,126,128,129,123,115,115,113,115,113,114,111,111,106,110,110,115,139,132,132,132,134
Eswatini,78.1,78.6,80.6,78.7,83.9,87.5,93.3,74.7,77,81.7,82.4,80.7,87.2,89.5,102,99.2,112,126,103,114,131,147,142,140,140,142,137,135,132,106,107,112,105,104,95,98.2,81.5,96.4,112,106,104,108,99.1,78.2,73.1,97.5,86.3,86.1,82.2,91.6,89.4,87.6,95.3,90,90.1,91.9,86.5,79.4
Chad,14,16.4,18.8,18.7,17.8,17.9,20.2,17.8,15.9,20.2,16.9,21.6,19.6,17.4,16.7,18.2,17.3,17,17.9,12.9,12.2,13.9,16.6,13.1,24.2,17.6,12.7,13.4,19.3,24,15.5,14.8,16.9,15.7,18.5,24.1,18.2,22.2,17.2,20.2,19.5,20.6,19.6,23.1,25.1,25.2,24.9,22.4,21.3,25.3,27.9,30.5,29,28.2,28.3,27.5,26.4,26.6
Togo,6.03,11.5,7.01,7.81,5.64,13.1,13.7,17.5,12.5,11,6.58,9.73,8.93,4.14,2.9,3.32,17,11,20,19.6,14.4,29.8,19.5,26.3,27.8,29.9,15.5,17,16.5,12.1,11.6,10.2,5.45,4.41,7.56,11.8,9.01,11,11.2,7.75,7.86,12.8,15,16.1,15.5,18,21.6,23.8,27.9,30.5,33.1,33.7,33.2,40.4,41,46.1,47.6,46.1
Thailand,10.9,11.8,12.3,11.6,21.1,18.2,20.8,18,22.6,23.5,28.3,24.1,27.9,33.6,34.1,33.8,35.8,37,37.9,31.9,35.6,35.2,36.5,39.6,38.5,39,45.4,44.9,49,52,49.9,59.7,62.4,66.8,74.7,77.2,79.2,83.3,78.7,79.7,82.8,84.7,87.2,91.6,88.2,104,101,104,105,108,111,108,109,104,107,106,108,109
Tajikistan,,,,,,,,,,,,,,,,,,,,,,,,,,,,,,,,30.6,29.8,32.5,36.2,39.3,40.6,35.6,35.2,40.4,31.9,35.7,37,37.8,38.7,45.1,44.7,47.8,50.3,49.7,51.6,50.6,51.9,55.5,55.3,55.3,53.9,54.2
Turkmenistan,,,,,,,,,,,,,,,,,,,,,,,,,,,,,,,,62.4,45.8,42.2,40.8,46.8,43.5,44.5,36.6,30.6,28.8,28,26.5,25.2,24.8,25.1,23.1,24.7,22.1,22.8,25.6,26.6,24.6,50.8,47,37.7,41.9,35.7
Timor-Leste,1.84,2.38,1.56,1.67,2.85,5.32,7.34,5.73,8.58,5.84,6.88,7.45,8.49,6,3.73,4.99,4.68,6.82,9.59,7.21,9.73,9.53,9.23,8.93,10.9,12.8,12.5,12.2,9.92,9.56,9.37,9.32,8.85,10.4,10.4,10.5,10.7,10.5,10.8,12.6,17.4,15.8,16.2,17.9,13.5,19.8,21.4,25.6,27.3,27.2,30.9,37.9,35,74.7,76.7,75.8,72.7,71.5
Trinidad and Tobago,102,107,113,106,113,125,123,125,121,118,123,118,128,126,121,125,122,127,140,157,152,140,144,146,139,150,156,158,142,147,143,132,136,147,161,169,180,167,166,180,182,162,163,172,170,174,172,171,171,157,157,161,162,181,173,181,181,182
Tunisia,66.7,66.8,65.5,65.8,49.1,46.3,59.1,57.1,53.2,59.1,60,67.4,56.9,70.6,62.3,69.3,73,72,71,73.7,76.8,74.6,75.1,73.3,71.5,72.3,73.4,77.4,75.7,77.8,78.3,85.9,82.3,80.5,79.4,83.2,82.5,82.8,84.2,78.9,78.4,87.4,97.8,96.3,92.7,96,96.2,95.3,98.9,95.3,98.3,95.7,95.5,96.9,97,96.9,97.3,97.8
Turkey,19.4,27.1,41.1,42.6,45,47.9,47.6,47,52.2,53.3,55.6,60.3,68.1,65.5,67,71.3,77.9,78.5,81.3,70,70,81.3,79.5,83.3,77,83,90.7,82.9,86.4,89.2,88.7,88.2,89,84.8,83.7,86.7,92.9,92.2,81.2,84.2,84.9,76.2,72.4,77.9,80.3,88,78,84.2,88.4,90.5,85.4,86.2,87.3,86.7,87.2,87.2,87.6,87.1
Taiwan,40.7,38.2,35.6,36.4,42.1,46.6,33.6,43.7,46.4,42,43.8,43.6,64.9,66.8,64,73.3,80.5,84.1,83.7,80.6,78.1,77.9,81.1,73.5,73.8,80.5,80.6,82.9,83,83.9,85.8,77.1,77.2,75.1,74.5,73.5,71.8,74.2,74.5,71.1,69.5,73.7,72.4,72.5,77.6,76.9,81.3,79,73.6,78.8,78,77.1,81.2,80.1,78.9,79.3,79.3,78.6
Tanzania,19,21.1,18.9,19.3,19.4,20.4,20.3,21.2,21.7,24.8,27.8,30.2,29.1,23.3,17.9,19.1,19.2,22.7,18.2,19,17.4,17.5,17,17.6,17.5,16.9,13.6,12.8,12.9,12.2,17,17.8,16.8,15.4,17.1,22.4,20.1,18.8,22.1,22,21.8,21.5,24.4,24.1,26.7,26.3,27.2,26.2,26.8,28.5,29.3,29.8,27.9,27,30.3,31.5,30.5,30.8
Uganda,29.6,31,33.1,32.4,38.8,44.3,39.4,42.9,36.9,36.3,41.3,34.4,24.4,13.6,8.27,6.27,4.9,5.67,6.6,6.79,5.18,5.48,5.29,4.49,4.58,6.6,11,6.27,8.03,8.6,9.86,11,10.8,15.4,18.4,17.2,19.6,19.2,19.5,22.7,21.5,22.9,24.1,26.8,25.1,25.9,25.7,26.8,29.3,28.9,25.9,25.3,32.4,32.5,32.8,32.4,35,35.6
Ukraine,,,,,,,,,,,,,,,,,,,,,,,,,,,,,,,,144,124,106,102,105,99.3,102,106,120,130,122,124,131,135,142,144,144,132,129,133,131,126,194,185,163,169,185
Uruguay,106,110,99.9,107,107,106,99.4,93.9,105,106,96,105,96.2,111,99.6,111,89.7,91,107,95.5,99.3,92.5,86.6,88.7,88.3,75.3,76.1,72,65,69.2,90.4,97.2,92.7,90.5,90.6,91.4,97.3,105,96.5,89.3,76.3,99.8,99.1,97.3,97.4,98,97.6,100,104,106,109,111,111,146,143,152,148,148
USA,143,144,141,145,147,147,150,151,155,156,159,161,162,157,152,160,163,160,162,158,156,154,156,159,160,162,167,169,168,173,175,177,181,183,183,186,193,194,188,189,186,193,192,194,193,187,175,170,165,167,172,174,175,182,182,182,180,176
USSR,87.4,91.3,94.2,98.6,104,108,112,114,115,118,120,118,124,123,124,127,129,129,127,134,134,134,134,134,128,133,142,141,128,135,99.3,,,,,,,,,,,,,,,,,,,,,,,,,,,
Uzbekistan,,,,,,,,,,,,,,,,,,,,,,,,,,,,,,,,35.2,36.5,27.7,30.3,42.2,39.5,54.1,45.3,41.8,27.1,18.6,12.3,13.2,22.6,34.2,56.1,33.4,28.5,28.3,27.9,27.7,27.6,27,27.4,28.1,28,29.2
St. Vincent and the Grenadines,85.2,101,88.9,106,102,102,105,107,109,115,120,116,108,89.2,125,130,114,105,107,111,114,117,116,116,115,117,118,116,116,116,119,123,122,119,115,113,119,119,121,128,128,124,122,122,122,124,123,124,123,118,122,120,121,129,128,133,184,218
Venezuela,98.7,94.5,89.2,104,107,103,102,103,108,108,114,110,118,119,119,123,125,129,136,126,126,110,115,113,110,115,115,122,99.4,105,95.8,107,105,108,109,110,105,103,101,104,102,91.8,94.4,105,105,108,107,104,106,107,108,106,106,91.6,85,86.3,76.5,73
Vietnam,11.7,12.1,13,13,18.2,16.7,21,21.2,25,25.1,25,24.4,26.3,21.3,19.4,19.5,15.9,14.6,18,16.2,17.7,15.3,18.7,20,21.1,17.6,18.5,15.6,18.6,13.8,15.8,15.1,16.7,21.3,23.7,23.3,25,25.3,30.3,35.7,34.4,33.4,34.9,37.9,32,35.9,31.7,31.5,26.8,28.7,27.2,29.2,27.4,32.1,39.1,42.9,29.2,33.7
Vanuatu,36.8,44.5,34.8,33.5,40,37.3,44.8,43.9,47.7,48.3,53.4,46.7,47.7,44.4,30.7,30.8,32,60.9,51.5,37.9,31.7,30.6,38.1,38.2,43.8,35,30.5,36.8,28.7,26.7,27.6,31.8,25.3,30.5,34.4,43,41.9,41.1,41.2,41.7,40.9,42.7,42.5,43.5,42.6,39.1,51,52.8,54.3,54.7,55.5,49.8,51.4,55.1,50.7,48.8,45.3,48.1
Samoa,56.3,65.7,62.2,61.2,69.5,67.8,63.9,69.3,71.4,75.9,71.2,74.2,61.3,67.6,67.5,67.8,66.5,67.3,66.7,67.5,73.2,64.8,67.5,58,65.3,63.8,63,61,66.9,60.4,75.5,61.8,67.9,64.8,61.3,65.7,59.9,65.3,71,71.1,69.7,68.7,71.4,80.3,84.7,85.2,85.2,102,77.6,79.2,82.9,81,89.5,94.4,94.9,96,95.8,93.5
Yemen,28.9,31.3,28,28.1,39.3,41.9,42.5,49,45.2,46.7,39.1,38.6,38.4,36.1,38.1,38.6,45.8,48.3,48.8,50.5,49.8,51.8,59.2,66.8,66,65.7,76.5,78.8,60.1,59.3,56.5,57.2,56.4,56.2,55.1,63.2,65.7,65.5,63.3,64.8,65.9,66.8,70.3,69.5,70,73.1,74.3,73.6,74.7,78.6,81.4,79.8,77.9,91.2,82.1,77,85.7,82.4
Yugoslavia,54.5,52.1,57.5,62.5,74.7,76.9,78,76.7,79.4,84.3,85.7,87.1,88,98.5,98.7,100,99.7,98.1,94.4,107,106,105,102,98.6,109,110,110,109,120,120,97.3,,,,,,,,,,,,,,,,,,,,,,,,,,,
South Africa,108,108,118,119,115,109,102,105,105,108,110,112,118,123,127,127,114,110,111,111,112,108,106,108,110,108,106,106,104,100,97.9,95.4,93.5,93,90.9,90.2,90.2,90.4,89.3,88,86,84.5,87.3,84.2,84.2,85.8,84.1,82.3,83.2,96.4,95.8,98.7,101,122,125,119,114,113
Zambia,17.3,16.7,16.8,17.2,17.8,19.4,27,32.6,34.5,38.6,43.2,41.7,43.7,40.1,44.3,41.9,39.8,36.8,43.1,50.7,50.7,51.6,48.9,48.3,47.3,43.2,48.4,46,46,46.5,45.7,45.1,44.5,40.6,41,35.1,40.4,31.4,31,44.2,31.2,34.8,32.8,31.9,30,31.2,27,26.4,28.5,28,28.4,30.1,28.1,30.8,30.5,30.2,30.7,31.4
Zimbabwe,27.6,32.7,35.3,33.9,40.4,42.3,47.3,45.7,46.8,47.6,50.4,45.3,52.8,53,56.7,56.8,50.7,43.2,48.5,48.2,55.3,63.6,65.1,62.5,62.5,62.9,60.2,60.5,59.8,57.5,55.9,57,56.4,56.6,61.6,64.7,73.5,73.6,74.6,76.5,81.5,83.4,75,72.4,67.5,73.1,64.8,61.1,61.1,65.8,68.9,79,80.6,94.1,96.7,88.6,85.6,85.9
